Rank,Model,Circuit_String,Chi2_red,Δχ²_%,AIC,AIC_penalized,ΔAIC,AICc,AICc_penalized,BIC,ΔBIC,RMSE,MAE,MAPE_%,sMAPE_%,Durbin_Watson,N_Parameters,Physical_Valid,Physical_Status,Identifiability_Penalty,C_effective
1,13. Rs + (Rct||Cdl) + (R||C) (RANDLES + RC PARALLEL),"R0-p(R1,C1)-p(R2,C2)",3.52793160274337e-05,0,-1021.408911770919,-1021.408911770919,0,-1020.770613898579,-1020.770613898579,-1008.383060840979,0,8.974991128388535,6.775197861277167,0.5062946469598919,0.5076368200395301,0.1288253419938505,5,True,PHYSICALLY PLAUSIBLE,0,N/A
2,8. Rs + (Rct||CPE) (RANDLES CPE),"R0-p(R1,CPE1)",0.001127711649889973,3096.523475817427,-675.8858082502774,-675.8858082502774,345.5231035206419,-675.4647556186984,-675.4647556186984,-665.465127506325,342.9179333346539,84.13427780662002,78.36308117878677,4.266258865594804,4.264175647765473,0.1073203235133207,4,True,PHYSICALLY PLAUSIBLE,0,CPE1=2.978e-08F
3,3. Rs + (Rct||Cdl) + W (CLASSIC RANDLES + WARBURG),"R0-p(R1,C1)-W1",0.00500304814068674,14081.24998790735,-526.9001218545975,-526.9001218545975,494.5087899163218,-526.4790692230185,-526.4790692230185,-516.4794411106451,491.9036197303337,234.9643850105655,207.1055684424716,9.323675777593396,9.259626948648307,0.05218297354380755,4,True,PHYSICALLY PLAUSIBLE,0,N/A
4,7. Rs + (Rct||Cdl) (CLASSIC RANDLES),"R0-p(R1,C1)",0.006393621200858797,18022.85990935433,-503.3276467525699,-503.3276467525699,518.0812650183493,-503.0776467525699,-503.0776467525699,-495.5121361946057,512.8709246463732,259.30450666191,230.9987399109529,10.76239250793269,10.63878382415995,0.04917280790283697,3,True,PHYSICALLY PLAUSIBLE,0,N/A
5,14. Rs + (Rct||CPE) + (R||CPE) (RANDLES + CPE PARALLEL),"R0-p(R1,CPE1)-p(R2,CPE2)",3.594998824360512e-05,1.901035146598482,-1017.676340975703,-1009.786065834855,11.62284593606444,-1016.458949671355,-1008.568674530507,-999.4401496737866,16.83318630804058,8.953576416510137,6.72763510887361,0.5039966498908316,0.5053591779853123,0.1307895960849486,7,True,PLAUSIBLE WITH WARNINGS,7.890275140848269,"CPE1=3.348e-08F, CPE2=4.830e-07F"
6,6. Rs + (Rct||Cdl) + (W||Rdiff) (FINITE DIFFUSION + CDL),"R0-p(R1,C1)-p(W1,R2)",0.001073395726906648,2942.563797570005,-679.880348284316,-674.4356230783509,346.9732886925684,-679.2420504119756,-673.7973252060104,-666.8544973543756,346.9732886925684,107.2236507458149,94.75004831284377,4.327743215283229,4.33046876532362,0.06344322618901078,5,True,PHYSICALLY PLAUSIBLE,5.44472520596519,N/A
7,15. Rs + (Rct||Cdl) + (R||C) + W (RANDLES + RC + WARBURG),"R0-p(R1,C1)-p(R2,C2)-W1",3.561257589982501e-05,0.9446324375615428,-1019.538241970813,-1009.538241970813,11.87066980010673,-1018.635016164361,-1008.635016164361,-1003.907220854884,14.4758399860948,8.945162329893348,6.736382386644935,0.5049591521945771,0.506300711068715,0.12879182357717,6,True,PHYSICALLY PLAUSIBLE,10,N/A
8,9. Rs + (R1||C1) + (R2||C2) + (R3||C3) (THREE TIMES),"R0-p(R1,C1)-p(R2,C2)-p(R3,C3)",2.196613653652438e-05,-37.73650005910489,-1066.939014774457,-1006.939014775957,14.46989699496248,-1065.721623470109,-1005.721623471609,-1048.70282347254,19.68023736693874,7.016579708113742,5.051257127879832,0.3767143939486087,0.3775413585955939,0.2777230626519569,7,True,PHYSICALLY PLAUSIBLE,59.9999999985,N/A
9,4. Rs + ((Rct+W)||CPE) (ALTERNATIVE),"R0-p(R1-W1,CPE1)",0.001139708582041436,3130.529043845101,-673.8858082760888,-638.5685027249958,382.8404090459235,-673.2475104037484,-637.9302048526554,-660.8599573461483,382.8404090459235,84.13427788704819,78.3630811924687,4.266258864966318,4.264175647006151,0.1073203234327861,5,True,PHYSICALLY PLAUSIBLE,35.31730555109301,CPE1=2.978e-08F
10,2. Rs + Rct||(CPE+W) (FULL RANDLES),"R0-p(R1,CPE1-W1)",0.001139735357682109,3130.604939987458,-673.8834589627138,-638.0881880221593,383.32072374876,-673.2451610903734,-637.4498901498189,-660.8576080327733,383.3207237487601,84.11146307888406,78.35951829991446,4.266500321582465,4.26443935918456,0.1073397044137588,5,True,PHYSICALLY PLAUSIBLE,35.79527094055453,CPE1=2.977e-08F
11,1. Rs + (Rct||CPE) + W (RANDLES CPE + WARBURG),"R0-p(R1,CPE1)-W1",0.00113973539912131,3130.605057447783,-673.8834553268523,-638.0881843862975,383.3207273846218,-673.2451574545119,-637.449886513957,-660.8576043969118,383.3207273846218,84.11140239781805,78.35950714927384,4.266500972948547,4.264440018106365,0.1073397565566936,5,True,PHYSICALLY PLAUSIBLE,35.79527094055486,CPE1=2.977e-08F
12,12. Rs + (Rct||CPE) + G (GERISCHER),"R0-p(R1,CPE1)-G1",0.001151990574488821,3165.342621550799,-671.8834591444077,-635.8834591444077,385.5254526265117,-670.9802333379561,-634.9802333379561,-656.2524380284791,388.1306228124997,84.11146978649438,78.35951967480041,4.266500250049922,4.264439290725801,0.1073396985504146,6,True,PHYSICALLY PLAUSIBLE,36,CPE1=2.977e-08F
13,5. Rs + (Rct||CPE) + (W||Rdiff) (FINITE DIFFUSION),"R0-p(R1,CPE1)-p(W1,R2)",0.001151963294044901,3165.265294532539,-671.8858272859137,-632.6057568187803,388.803154952139,-670.9826014794621,-631.7025310123287,-656.2548061699852,391.4083251381271,84.13428989146382,78.36308144957809,4.266258637948305,4.264175413292025,0.1073203172814356,6,True,PHYSICALLY PLAUSIBLE,39.2800704671334,CPE1=2.978e-08F
14,11. Rs + (Rct||Cdl) + L (INDUCTOR ALTERNATIVE),"R0-p(R1,C1)-L1",0.006460922478424083,18213.6268607467,-501.3276467252244,-469.3276467252245,552.0812650456949,-500.9065940936455,-468.9065940936455,-490.9069659812721,549.4760948597067,259.3045066796885,230.9987399612872,10.76239251263906,10.63878382865034,0.04917280788990498,4,True,PHYSICALLY PLAUSIBLE,31.99999999999994,N/A
15,10. Rs + L + (Rct||Cdl) (WITH INDUCTOR),"R0-L1-p(R1,C1)",0.006460922479425766,18213.62686358599,-501.3276467097207,-469.3276467097208,552.0812650611986,-500.9065940781418,-468.9065940781418,-490.9069659657684,549.4760948752104,259.3045066584467,230.9987399446014,10.76239251274812,10.63878382861783,0.04917280790528576,4,True,PHYSICALLY PLAUSIBLE,31.99999999999994,N/A
