metric,value
Chi_Squared_Weighted,0.002668218295388962
Chi_Squared_Reduced,2.997998084706665e-05
DOF,89
RSS,3171.534400177199
AIC,-976.1460769683802
AICc,-975.696638766133
BIC,-965.9728978393001
RMSE,8.214587958194807
MAE,5.691846892874491
MAPE_%,0.4274343048442004
sMAPE_%,0.428181160874141
Durbin_Watson,0.1312972235453335
Durbin_Watson_Re,0.1682575277814153
Durbin_Watson_Im,0.09433691930925164
N_Points,47
N_Params,4
AIC_penalized,-976.1460769683802
AICc_penalized,-975.696638766133
BIC_penalized,-965.9728978393001
Identifiability_Penalty,0
