frequency_Hz,Z_real_ohm,Z_imag_ohm,Zfit_real_ohm,Zfit_imag_ohm
10.0,2957.5125,-39.11496,2956.614266575619,-31.08096888158885
12.06792640639329,2954.67438,-39.82744,2956.220132002059,-37.49426615405237
14.56348477501244,2958.09344,-44.01992000000001,2955.646694905889,-45.2231912028787
17.57510624854792,2950.25376,-54.42189999999999,2954.812756630095,-54.53181797258889
21.20950887920191,2954.00406,-66.06772,2953.600760587777,-65.73283607108297
25.59547922699536,2950.6075,-78.38718,2951.840972275861,-79.19315448499002
30.88843596477482,2948.59656,-96.88438000000001,2949.289285837184,-95.33743161028909
37.2759372031494,2943.53876,-115.98134,2945.59665751462,-114.6468635963417
44.98432668969444,2937.35844,-137.60508,2940.268193103495,-137.6486258468184
54.2867543932386,2932.60124,-166.14376,2932.610852109205,-164.888418584478
65.51285568595509,2921.55876,-196.08238,2921.671701117521,-196.8745361625384
79.06043210907697,2905.41844,-234.21362,2906.175574570799,-233.9774254935838
95.40954763499938,2882.50782,-278.16106,2884.48450931989,-276.2664466834735
115.1395399326447,2852.30562,-324.52542,2854.623295655184,-323.2720869709684
138.9495494373137,2812.26124,-375.10644,2814.442306328312,-373.6893924245041
167.6832936811007,2760.35812,-426.75172,2762.00163799833,-425.1010420159911
202.3589647725155,2693.43406,-474.882,2696.216572662096,-473.8936188202696
244.205309454865,2614.92296,-517.0172200000001,2617.652642634165,-515.6106381643598
294.705170255181,2526.40376,-546.9329200000001,2529.117807154142,-545.9002832352522
355.6480306223128,2431.77046,-562.5957,2435.558786399333,-561.8742226902962
429.1934260128778,2340.32766,-563.62954,2343.009695386206,-563.2592254194982
517.9474679231213,2254.37782,-554.72614,2256.951536495716,-552.6486670315411
625.0551925273969,2177.67078,-536.6997200000001,2180.896992459515,-534.6827791083873
754.3120063354615,2111.80156,-516.87692,2115.825573807722,-514.667893824802
910.2981779915218,2058.39546,-499.69054,2060.471989398839,-497.3462655131466
1098.541141987558,2007.26704,-488.93316,2012.033602372663,-486.19242469299
1325.711365590108,1962.0425,-486.9145,1966.871019289802,-483.1830770822742
1599.858719606057,1916.2139,-491.53214,1921.026042102166,-488.7930514585921
1930.69772888325,1866.5589,-505.79812,1870.610431475171,-502.010904519989
2329.951810515372,1806.66532,-524.5912400000001,1812.224541517985,-520.3187380608459
2811.768697974228,1737.60484,-543.70246,1743.541683103753,-539.7515176348315
3393.221771895326,1657.90828,-558.26676,1664.040900521556,-555.2752084155615
4094.915062380423,1569.08188,-565.00606,1575.614424283239,-561.6915248072448
4941.713361323833,1476.16968,-558.3027,1482.579611132364,-554.9835675095691
5963.623316594642,1384.31766,-536.73438,1390.772652121802,-533.5694873655339
7196.856730011514,1299.58508,-502.87292,1305.96314418763,-498.7553104018394
8685.11373751352,1226.43102,-458.68844,1232.357265251348,-454.0995260883956
10481.13134154685,1165.33328,-409.48782,1171.892514924842,-404.1044890905061
12648.55216855296,1117.42868,-359.0648,1124.43998980077,-352.9650851144681
15264.1796717523,1081.65562,-310.67864,1088.521448424607,-303.8457139296945
18420.69969326716,1054.91992,-265.94276,1062.071963716253,-258.7162744045111
22229.96482526191,1036.00446,-226.53218,1042.988215521545,-218.5317574413024
26826.95795279727,1022.91976,-192.18412,1029.420733594337,-183.5290755432255
32374.5754281764,1015.28594,-163.28252,1019.875983491682,-153.5051257718845
39069.39937054613,1010.75282,-139.27394,1013.21085741941,-128.0255941086654
47148.6636345739,1010.37546,-119.42294,1008.580660522071,-106.5622365697596
56898.66029018293,1012.71524,-104.35234,1005.375689672857,-88.57434498025675
68664.88450042998,1019.04586,-93.5882,1003.162780042427,-73.55230033509363
82864.27728546843,1023.4707,-70.72048,1001.637485385443,-61.03757572656287
100000.0,1025.04704,-60.44778,1000.587394172349,-50.62911571010036
