frequency_Hz,Z_real_ohm,Z_imag_ohm
10.0,2663.64938,-468.57516
12.06792640639329,2666.75156,-532.86566
14.56348477501244,2626.415,-618.61344
17.57510624854792,2575.96422,-683.3026600000001
21.20950887920191,2490.75094,-750.71718
25.59547922699536,2385.35172,-795.2853200000001
30.88843596477482,2260.18296,-833.1262399999999
37.2759372031494,2159.23672,-918.24422
44.98432668969444,2027.08282,-972.2867200000001
54.2867543932386,1879.44468,-1018.94
65.51285568595509,1722.63624,-1063.56562
79.06043210907697,1553.35562,-1091.4371
95.40954763499938,1371.21968,-1103.09164
115.1395399326447,1202.29446,-1067.41132
138.9495494373137,1042.95898,-1028.13664
167.6832936811007,892.6979,-969.77648
202.3589647725155,752.12804,-916.5092999999999
244.205309454865,628.95958,-846.05602
294.705170255181,521.8064,-769.4054600000001
355.6480306223128,427.87876,-695.05484
429.1934260128778,353.59696,-619.3866399999999
517.9474679231213,290.46766,-550.89976
625.0551925273969,238.00218,-486.58628
754.3120063354615,194.1566,-426.71422
910.2981779915218,159.1882,-372.66032
1098.541141987558,130.0314,-324.75042
1325.711365590108,106.10746,-281.43924
1599.858719606057,86.52292,-243.49708
1930.69772888325,70.84964000000001,-209.76578
2329.951810515372,58.05752,-180.3005
2811.768697974228,47.5563,-154.4863
3393.221771895326,39.10162,-132.02034
4094.915062380423,32.2531,-112.34874
4941.713361323833,26.79854,-95.32046000000001
5963.623316594642,22.46162,-80.57312
7196.856730011514,18.99612,-67.7946
8685.11373751352,16.30678,-56.73888
10481.13134154685,14.27382,-47.19298
12648.55216855296,12.74708,-38.9768
15264.1796717523,11.6459,-31.91336
18420.69969326716,10.87382,-25.8429
22229.96482526191,10.35506,-20.60376
26826.95795279727,9.99012,-16.08266
32374.5754281764,9.75076,-12.12074
39069.39937054613,9.58014,-8.60696
47148.6636345739,9.43388,-5.415
56898.66029018293,9.29636,-2.40798
68664.88450042998,9.13514,0.53486
82864.27728546843,8.254900000000001,-3.73286
100000.0,8.1587,-2.01272
