quantity,article location,article value,recomputed,status
"chi2_KK dataset A, M=20","Sec. 4.1, 10; Fig. 6c",2.7e-05,2.7028275295655114e-05,PASS
"chi2_KK dataset B, M=20","MV 1, 7; Fig. 6f",7.29e-05,7.290244467554599e-05,PASS
"chi2_KK dataset A, M=10",Sec. 4.2,2.5e-05,2.534924679997507e-05,PASS
"chi2_KK dataset B, M=10",Sec. 4.2,0.00016,0.00016043384209679033,PASS
"chi2_KK dataset A, M=30",Sec. 4.2,2.1e-05,2.107087560306098e-05,PASS
"chi2_KK dataset B, M=30",Sec. 4.2,6.4e-05,6.4395337945211e-05,PASS
chi2_KK dataset B without two highest-frequency points,MV 1,4.4e-05,4.3835357584453255e-05,PASS
dataset A with sign-free L: chi2_KK,Sec. 4.1,8.4e-06,8.403110468039783e-06,PASS
dataset A with sign-free L: L (H),Sec. 4.1,-5.7e-05,-5.691955281020273e-05,PASS
"dataset B, |Z|^-1-weighted, L>=0",MV 7,7e-05,7.005317239400306e-05,PASS
"10 mM, 10 Hz-100 kHz",MV 6,0.041,0.0410922096557416,PASS
"10 mM, 10 Hz-10 kHz",MV 6,7.6e-05,7.599671799305367e-05,PASS
"15 mM, 10 Hz-100 kHz",MV 6,0.05,0.05023357497011111,PASS
"15 mM, 10 Hz-10 kHz",MV 6,0.00044,0.00043785429383506327,PASS
"15 mM, 30 Hz-10 kHz",MV 6,1.7e-05,1.7287125820391126e-05,PASS
"20 mM, 10 Hz-100 kHz",MV 6,0.23,0.2329146855871054,PASS
"20 mM, 10 Hz-10 kHz",MV 6,0.00014,0.00014092638461171383,PASS
"20 mM, 30 Hz-10 kHz",MV 6,6.1e-05,6.087396859840342e-05,PASS
"weighted check, full window, lowest",MV 6,0.027,0.027156187708258547,PASS
"weighted check, full window, highest",MV 6,0.18,0.1764409992843136,PASS
"weighted check, validated windows, lowest",MV 6,1.6e-05,1.56836333547748e-05,PASS
"weighted check, validated windows, highest",MV 6,5.2e-05,5.239430919935456e-05,PASS
AIC M7 (dataset A),Table 8; MV 7,-959.998,-959.9976177380836,PASS
AIC M8 (dataset A),Table 8; MV 7,-976.146,-976.1460769683802,PASS
AICc M8 (dataset A),Eq. 8,-975.697,-975.696638766133,PASS
BIC M8 (dataset A),Table 8,-965.973,-965.9728978393001,PASS
"Delta AIC M8-M7, Eq. (14)",Eq. 14,-16.15,-16.148459230296567,PASS
Delta BIC M8-M7,Sec. 10.2,-13.61,-13.605164448026585,PASS
t statistic on n,Sec. 10.2,4.47,4.466099332046714,PASS
"t-test p (t distribution, nu=89)",Sec. 10.2,2.3e-05,2.3304905781570926e-05,PASS
"F statistic (1, 89)",Sec. 10.2,19.0,18.953986449828285,PASS
F-test p,Sec. 10.2,3.6e-05,3.5679448650932684e-05,PASS
"C_eff (Brug), Eq. (13), pF",Table 7; MV 7,31715,31715.241634816455,PASS
R_p (ohm),Sec. 10.1,494.7,494.6457521457621,PASS
R_s deviation from 1 kOhm (%),Sec. 10.1,-2.3,-2.3234736094358777,PASS
R_1 deviation from 1 kOhm (%),Sec. 10.1,0.2,0.2143196550600024,PASS
AIC M13 (dataset B),Table 10,-1021.41,-1021.408911770919,PASS
dataset B R_s: deviation from nominal (%),Table 9,-0.17,-0.17215455449434147,PASS
dataset B R_1: deviation from nominal (%),Table 9,-1.72,-1.717924499824297,PASS
dataset B C_1 (nF): deviation from nominal (%),Table 9,2.0,2.0020259708756205,PASS
dataset B R_2: deviation from nominal (%),Table 9,-2.36,-2.362017556567231,PASS
dataset B C_2 (nF): deviation from nominal (%),Table 9,1.7,1.7035358686750213,PASS
"Durbin-Watson, lowest component",MV 3,0.09,0.09433691930925209,PASS
"Durbin-Watson, highest component",MV 3,0.17,0.1682575277814149,PASS
"excess kurtosis, lowest",MV 3,3.4,3.4064475596481545,PASS
"excess kurtosis, highest",MV 3,11.7,11.682376287728486,PASS
"Q-Q R^2, lowest",MV 3,0.55,0.5480794949364366,PASS
"Shapiro-Wilk p, largest (article: p <= 1e-4)",MV 3,0.0001,9.907685602673627e-05,PASS
